{
  "Version": "2012-10-17",
  "Statement": [
    {
      "Effect": "Allow",
      "Action": [
        "ecs:ExecuteCommand",
        "ecr:GetAuthorizationToken",
        "ecr:BatchCheckLayerAvailability",
        "ecr:GetDownloadUrlForLayer",
        "ecr:BatchGetImage",
        "logs:CreateLogStream",
        "logs:PutLogEvents",
        "ssm:GetParameters",
        "ssm:GetParameterHistory",
        "ssm:GetParametersByPath",
        "ssm:GetParameters",
        "ssm:GetParameter",
        "secretsmanager:GetSecretValue",
        "kms:Decrypt",
        "ssmmessages:CreateControlChannel",
        "ssmmessages:CreateDataChannel",
        "ssmmessages:OpenControlChannel",
        "ssmmessages:OpenDataChannel"        
      ],
      "Resource": "*"
    }
  ]
}
